r (BEA / Jared),g (BEA / Jared),r-g (BEA / Jared),date,SPF 10-Year CPI,rgdp10,US 10-Year Yield (Observed),r (SPF / Blanchard),g (SPF / Blanchard),r-g (SPF / Blanchard)
2.7777105761864442,7.42,-4.642289423813556,1962-01-01,,,,,,
3.047508051878509,5.55,-2.5024919481214907,1963-01-01,,,,,,
3.192147915701443,7.37,-4.177852084298557,1964-01-01,,,,,,
3.294372991586713,8.45,-5.155627008413286,1965-01-01,,,,,,
3.5591587856541556,9.58,-6.020841214345844,1966-01-01,,,,,,
3.851087290811849,5.72,-1.868912709188151,1967-01-01,,,,,,
3.830147300074254,9.38,-5.549852699925747,1968-01-01,,,,,,
4.566211687545845,8.18,-3.6137883124541545,1969-01-01,,,,,,
5.077719475420025,5.48,-0.4022805245799753,1970-01-01,,,,,,
4.89742176697895,8.53,-3.6325782330210483,1971-01-01,,,,,,
4.801211004507145,9.81,-5.008788995492855,1972-01-01,,,,,,
5.089026429262855,11.43,-6.340973570737145,1973-01-01,,,,,,
6.240634974207083,8.41,-2.169365025792918,1974-01-01,,,,,,
5.889029642766658,9.04,-3.150970357233341,1975-01-01,,,,,,
5.598403029719064,11.19,-5.5915969702809365,1976-01-01,,,,,,
5.4454165331157665,11.12,-5.674583466884233,1977-01-01,,,,,,
5.84030333077483,12.960000000000003,-7.1196966692251715,1978-01-01,,,,,,
6.658222787229856,11.72,-5.061777212770145,1979-01-01,,,,,,
7.379028349976051,8.75,-1.3709716500239486,1980-01-01,,,,,,
8.71106269239052,12.24,-3.528937307609481,1981-01-01,,,,,,
9.196874239515452,4.26,4.936874239515452,1982-01-01,,,,,,
7.896819395252483,8.68,-0.7831806047475174,1983-01-01,,,,,,
8.500698177088315,11.11,-2.609301822911683,1984-01-01,,,,,,
8.59028966468957,7.46,1.1302896646895697,1985-01-01,,,,,,
7.814271097187615,5.55,2.264271097187615,1986-01-01,,,,,,
7.3348739226766675,6.02,1.3148739226766675,1987-01-01,,,,,,
7.3991916615974915,7.85,-0.45080833840250856,1988-01-01,,,,,,
7.713505538828401,7.739999999999999,-0.02649446117159865,1989-01-01,,,,,,
7.644311270970883,5.7,1.9443112709708825,1990-01-01,,,,,,
7.231241067772803,3.27,3.9612410677728036,1991-01-01,,,,,,
,,,1991-10-01,4.0,,,,,
6.645382578539386,5.88,0.7653825785393857,1992-01-01,3.7,2.5,7.03,3.33,2.5,0.8300000000000001
,,,1992-02-01,3.7,2.5,7.34,3.6399999999999997,2.5,1.1399999999999997
,,,1992-03-01,3.7,2.5,7.54,3.84,2.5,1.3399999999999999
,,,1992-04-01,3.9,2.5,7.48,3.5800000000000005,2.5,1.0800000000000005
,,,1992-05-01,3.9,2.5,7.39,3.4899999999999998,2.5,0.9899999999999998
,,,1992-06-01,3.9,2.5,7.26,3.36,2.5,0.8599999999999999
,,,1992-07-01,3.75,2.5,6.84,3.09,2.5,0.5899999999999999
,,,1992-08-01,3.75,2.5,6.59,2.84,2.5,0.33999999999999986
,,,1992-09-01,3.75,2.5,6.42,2.67,2.5,0.16999999999999993
,,,1992-10-01,3.6,2.5,6.59,2.9899999999999998,2.5,0.48999999999999977
,,,1992-11-01,3.6,2.5,6.87,3.27,2.5,0.77
,,,1992-12-01,3.6,2.5,6.77,3.1699999999999995,2.5,0.6699999999999995
6.117265259531165,5.19,0.9272652595311647,1993-01-01,3.5,2.7,6.6,3.0999999999999996,2.7,0.39999999999999947
,,,1993-02-01,3.5,2.7,6.26,2.76,2.7,0.05999999999999961
,,,1993-03-01,3.5,2.7,5.98,2.4800000000000004,2.7,-0.21999999999999975
,,,1993-04-01,3.7,2.7,5.97,2.2699999999999996,2.7,-0.4300000000000006
,,,1993-05-01,3.7,2.7,6.04,2.34,2.7,-0.3600000000000003
,,,1993-06-01,3.7,2.7,5.96,2.26,2.7,-0.4400000000000004
,,,1993-07-01,3.45,2.7,5.81,2.3599999999999994,2.7,-0.34000000000000075
,,,1993-08-01,3.45,2.7,5.68,2.2299999999999995,2.7,-0.47000000000000064
,,,1993-09-01,3.45,2.7,5.36,1.9100000000000001,2.7,-0.79
,,,1993-10-01,3.45,2.7,5.33,1.88,2.7,-0.8200000000000003
,,,1993-11-01,3.45,2.7,5.72,2.2699999999999996,2.7,-0.4300000000000006
,,,1993-12-01,3.45,2.7,5.77,2.3199999999999994,2.7,-0.3800000000000008
5.911102760943938,6.25,-0.3388972390560623,1994-01-01,3.45,2.6500000000000004,5.75,2.3,2.6500000000000004,-0.35000000000000053
,,,1994-02-01,3.45,2.6500000000000004,5.97,2.5199999999999996,2.6500000000000004,-0.13000000000000078
,,,1994-03-01,3.45,2.6500000000000004,6.48,3.0300000000000002,2.6500000000000004,0.3799999999999999
,,,1994-04-01,3.5,2.6500000000000004,6.97,3.4699999999999998,2.6500000000000004,0.8199999999999994
,,,1994-05-01,3.5,2.6500000000000004,7.18,3.6799999999999997,2.6500000000000004,1.0299999999999994
,,,1994-06-01,3.5,2.6500000000000004,7.1,3.5999999999999996,2.6500000000000004,0.9499999999999993
,,,1994-07-01,3.5,2.6500000000000004,7.3,3.8,2.6500000000000004,1.1499999999999995
,,,1994-08-01,3.5,2.6500000000000004,7.24,3.74,2.6500000000000004,1.0899999999999999
,,,1994-09-01,3.5,2.6500000000000004,7.46,3.96,2.6500000000000004,1.3099999999999996
,,,1994-10-01,3.5,2.6500000000000004,7.74,4.24,2.6500000000000004,1.5899999999999999
,,,1994-11-01,3.5,2.6500000000000004,7.96,4.46,2.6500000000000004,1.8099999999999996
,,,1994-12-01,3.5,2.6500000000000004,7.81,4.31,2.6500000000000004,1.6599999999999993
6.440334504316694,4.84,1.6003345043166943,1995-01-01,3.3,2.7,7.78,4.48,2.7,1.7800000000000002
,,,1995-02-01,3.3,2.7,7.47,4.17,2.7,1.4699999999999998
,,,1995-03-01,3.3,2.7,7.2,3.9000000000000004,2.7,1.2000000000000002
,,,1995-04-01,3.35,2.7,7.06,3.7099999999999995,2.7,1.0099999999999993
,,,1995-05-01,3.35,2.7,6.63,3.28,2.7,0.5799999999999996
,,,1995-06-01,3.35,2.7,6.17,2.82,2.7,0.11999999999999966
,,,1995-07-01,3.2,2.7,6.28,3.08,2.7,0.3799999999999999
,,,1995-08-01,3.2,2.7,6.49,3.29,2.7,0.5899999999999999
,,,1995-09-01,3.2,2.7,6.2,3.0,2.7,0.2999999999999998
,,,1995-10-01,3.0,2.7,6.04,3.04,2.7,0.33999999999999986
,,,1995-11-01,3.0,2.7,5.93,2.9299999999999997,2.7,0.22999999999999954
,,,1995-12-01,3.0,2.7,5.71,2.71,2.7,0.009999999999999787
6.4554977902146,5.67,0.7854977902145996,1996-01-01,3.0,2.3,5.65,2.6500000000000004,2.3,0.35000000000000053
,,,1996-02-01,3.0,2.3,5.81,2.8099999999999996,2.3,0.5099999999999998
,,,1996-03-01,3.0,2.3,6.27,3.2699999999999996,2.3,0.9699999999999998
,,,1996-04-01,3.0,2.3,6.51,3.51,2.3,1.21
,,,1996-05-01,3.0,2.3,6.74,3.74,2.3,1.4400000000000004
,,,1996-06-01,3.0,2.3,6.91,3.91,2.3,1.6100000000000003
,,,1996-07-01,3.0,2.3,6.87,3.87,2.3,1.5700000000000003
,,,1996-08-01,3.0,2.3,6.64,3.6399999999999997,2.3,1.3399999999999999
,,,1996-09-01,3.0,2.3,6.83,3.83,2.3,1.5300000000000002
,,,1996-10-01,3.0,2.3,6.53,3.5300000000000002,2.3,1.2300000000000004
,,,1996-11-01,3.0,2.3,6.2,3.2,2.3,0.9000000000000004
,,,1996-12-01,3.0,2.3,6.3,3.3,2.3,1.0
6.467702839401709,6.25,0.21770283940170942,1997-01-01,3.0,2.5,6.58,3.58,2.5,1.08
,,,1997-02-01,3.0,2.5,6.42,3.42,2.5,0.9199999999999999
,,,1997-03-01,3.0,2.5,6.69,3.6900000000000004,2.5,1.1900000000000004
,,,1997-04-01,2.8499999999999996,2.5,6.89,4.04,2.5,1.54
,,,1997-05-01,2.8499999999999996,2.5,6.71,3.8600000000000003,2.5,1.3600000000000003
,,,1997-06-01,2.8499999999999996,2.5,6.49,3.6400000000000006,2.5,1.1400000000000006
,,,1997-07-01,3.0,2.5,6.22,3.2199999999999998,2.5,0.7199999999999998
,,,1997-08-01,3.0,2.5,6.3,3.3,2.5,0.7999999999999998
,,,1997-09-01,3.0,2.5,6.21,3.21,2.5,0.71
,,,1997-10-01,2.6500000000000004,2.5,6.03,3.38,2.5,0.8799999999999999
,,,1997-11-01,2.6500000000000004,2.5,5.88,3.2299999999999995,2.5,0.7299999999999995
,,,1997-12-01,2.6500000000000004,2.5,5.81,3.1599999999999993,2.5,0.6599999999999993
6.479752352732351,5.66,0.8197523527323509,1998-01-01,2.6,2.5,5.54,2.94,2.5,0.43999999999999995
,,,1998-02-01,2.6,2.5,5.57,2.97,2.5,0.4700000000000002
,,,1998-03-01,2.6,2.5,5.65,3.0500000000000003,2.5,0.5500000000000003
,,,1998-04-01,2.5,2.5,5.64,3.1399999999999997,2.5,0.6399999999999997
,,,1998-05-01,2.5,2.5,5.65,3.1500000000000004,2.5,0.6500000000000004
,,,1998-06-01,2.5,2.5,5.5,3.0,2.5,0.5
,,,1998-07-01,2.5,2.5,5.46,2.96,2.5,0.45999999999999996
,,,1998-08-01,2.5,2.5,5.34,2.84,2.5,0.33999999999999986
,,,1998-09-01,2.5,2.5,4.81,2.3099999999999996,2.5,-0.1900000000000004
,,,1998-10-01,2.5,2.5,4.53,2.0300000000000002,2.5,-0.46999999999999975
,,,1998-11-01,2.5,2.5,4.83,2.33,2.5,-0.16999999999999993
,,,1998-12-01,2.5,2.5,4.65,2.1500000000000004,2.5,-0.34999999999999964
6.325221350399175,6.27,0.05522135039917608,1999-01-01,2.3,2.5,4.72,2.42,2.5,-0.08000000000000007
,,,1999-02-01,2.3,2.5,5.0,2.7,2.5,0.20000000000000018
,,,1999-03-01,2.3,2.5,5.23,2.9300000000000006,2.5,0.4300000000000006
,,,1999-04-01,2.5,2.5,5.18,2.6799999999999997,2.5,0.17999999999999972
,,,1999-05-01,2.5,2.5,5.54,3.04,2.5,0.54
,,,1999-06-01,2.5,2.5,5.9,3.4000000000000004,2.5,0.9000000000000004
,,,1999-07-01,2.5,2.5,5.79,3.29,2.5,0.79
,,,1999-08-01,2.5,2.5,5.94,3.4400000000000004,2.5,0.9400000000000004
,,,1999-09-01,2.5,2.5,5.92,3.42,2.5,0.9199999999999999
,,,1999-10-01,2.5,2.5,6.11,3.6100000000000003,2.5,1.1100000000000003
,,,1999-11-01,2.5,2.5,6.03,3.5300000000000002,2.5,1.0300000000000002
,,,1999-12-01,2.5,2.5,6.28,3.7800000000000002,2.5,1.2800000000000002
6.538469659839687,6.4399999999999995,0.0984696598396867,2000-01-01,2.5,3.05,6.66,4.16,3.05,1.1100000000000003
,,,2000-02-01,2.5,3.05,6.52,4.02,3.05,0.9699999999999998
,,,2000-03-01,2.5,3.05,6.26,3.76,3.05,0.71
,,,2000-04-01,2.5,3.05,5.99,3.49,3.05,0.4400000000000004
,,,2000-05-01,2.5,3.05,6.44,3.9400000000000004,3.05,0.8900000000000006
,,,2000-06-01,2.5,3.05,6.1,3.5999999999999996,3.05,0.5499999999999998
,,,2000-07-01,2.5,3.05,6.05,3.55,3.05,0.5
,,,2000-08-01,2.5,3.05,5.83,3.33,3.05,0.28000000000000025
,,,2000-09-01,2.5,3.05,5.8,3.3,3.05,0.25
,,,2000-10-01,2.5,3.05,5.74,3.24,3.05,0.1900000000000004
,,,2000-11-01,2.5,3.05,5.72,3.2199999999999998,3.05,0.16999999999999993
,,,2000-12-01,2.5,3.05,5.24,2.74,3.05,-0.3099999999999996
6.210569599185448,3.2300000000000004,2.980569599185448,2001-01-01,2.5,3.3,5.16,2.66,3.3,-0.6399999999999997
,,,2001-02-01,2.5,3.3,5.1,2.5999999999999996,3.3,-0.7000000000000002
,,,2001-03-01,2.5,3.3,4.89,2.3899999999999997,3.3,-0.9100000000000001
,,,2001-04-01,2.5,3.3,5.14,2.6399999999999997,3.3,-0.6600000000000001
,,,2001-05-01,2.5,3.3,5.39,2.8899999999999997,3.3,-0.41000000000000014
,,,2001-06-01,2.5,3.3,5.28,2.7800000000000002,3.3,-0.5199999999999996
,,,2001-07-01,2.5,3.3,5.24,2.74,3.3,-0.5599999999999996
,,,2001-08-01,2.5,3.3,4.97,2.4699999999999998,3.3,-0.8300000000000001
,,,2001-09-01,2.5,3.3,4.73,2.2300000000000004,3.3,-1.0699999999999994
,,,2001-10-01,2.55,3.3,4.57,2.0200000000000005,3.3,-1.2799999999999994
,,,2001-11-01,2.55,3.3,4.65,2.1000000000000005,3.3,-1.1999999999999993
,,,2001-12-01,2.55,3.3,5.09,2.54,3.3,-0.7599999999999998
4.828485377611232,3.2799999999999994,1.548485377611232,2002-01-01,2.5,3.0,5.04,2.54,3.0,-0.45999999999999996
,,,2002-02-01,2.5,3.0,4.91,2.41,3.0,-0.5899999999999999
,,,2002-03-01,2.5,3.0,5.28,2.7800000000000002,3.0,-0.21999999999999975
,,,2002-04-01,2.5,3.0,5.21,2.71,3.0,-0.29000000000000004
,,,2002-05-01,2.5,3.0,5.16,2.66,3.0,-0.33999999999999986
,,,2002-06-01,2.5,3.0,4.93,2.4299999999999997,3.0,-0.5700000000000003
,,,2002-07-01,2.5,3.0,4.65,2.1500000000000004,3.0,-0.8499999999999996
,,,2002-08-01,2.5,3.0,4.26,1.7599999999999998,3.0,-1.2400000000000002
,,,2002-09-01,2.5,3.0,3.87,1.37,3.0,-1.63
,,,2002-10-01,2.45,3.0,3.94,1.4899999999999998,3.0,-1.5100000000000002
,,,2002-11-01,2.45,3.0,4.05,1.5999999999999996,3.0,-1.4000000000000004
,,,2002-12-01,2.45,3.0,4.03,1.58,3.0,-1.42
3.9114661948570606,4.83,-0.9185338051429397,2003-01-01,2.5,3.2,4.05,1.5499999999999998,3.2,-1.6500000000000004
,,,2003-02-01,2.5,3.2,3.9,1.4,3.2,-1.8000000000000003
,,,2003-03-01,2.5,3.2,3.81,1.31,3.2,-1.8900000000000001
,,,2003-04-01,2.5,3.2,3.96,1.46,3.2,-1.7400000000000002
,,,2003-05-01,2.5,3.2,3.57,1.0699999999999998,3.2,-2.1300000000000003
,,,2003-06-01,2.5,3.2,3.33,0.8300000000000001,3.2,-2.37
,,,2003-07-01,2.5,3.2,3.98,1.48,3.2,-1.7200000000000002
,,,2003-08-01,2.5,3.2,4.45,1.9500000000000002,3.2,-1.25
,,,2003-09-01,2.5,3.2,4.27,1.7699999999999996,3.2,-1.4300000000000006
,,,2003-10-01,2.5,3.2,4.29,1.79,3.2,-1.4100000000000001
,,,2003-11-01,2.5,3.2,4.3,1.7999999999999998,3.2,-1.4000000000000004
,,,2003-12-01,2.5,3.2,4.27,1.7699999999999996,3.2,-1.4300000000000006
3.730493739558948,6.64,-2.9095062604410518,2004-01-01,2.5,3.4,4.15,1.6500000000000004,3.4,-1.7499999999999996
,,,2004-02-01,2.5,3.4,4.08,1.58,3.4,-1.8199999999999998
,,,2004-03-01,2.5,3.4,3.83,1.33,3.4,-2.07
,,,2004-04-01,2.5,3.4,4.35,1.8499999999999996,3.4,-1.5500000000000003
,,,2004-05-01,2.5,3.4,4.72,2.2199999999999998,3.4,-1.1800000000000002
,,,2004-06-01,2.5,3.4,4.73,2.2300000000000004,3.4,-1.1699999999999995
,,,2004-07-01,2.5,3.4,4.5,2.0,3.4,-1.4
,,,2004-08-01,2.5,3.4,4.28,1.7800000000000002,3.4,-1.6199999999999997
,,,2004-09-01,2.5,3.4,4.13,1.63,3.4,-1.77
,,,2004-10-01,2.5,3.4,4.1,1.5999999999999996,3.4,-1.8000000000000003
,,,2004-11-01,2.5,3.4,4.19,1.6900000000000004,3.4,-1.7099999999999995
,,,2004-12-01,2.5,3.4,4.23,1.7300000000000004,3.4,-1.6699999999999995
4.006478794968524,6.7299999999999995,-2.723521205031475,2005-01-01,2.45,3.3,4.22,1.7699999999999996,3.3,-1.5300000000000002
,,,2005-02-01,2.45,3.3,4.17,1.7199999999999998,3.3,-1.58
,,,2005-03-01,2.45,3.3,4.5,2.05,3.3,-1.25
,,,2005-04-01,2.5,3.3,4.34,1.8399999999999999,3.3,-1.46
,,,2005-05-01,2.5,3.3,4.14,1.6399999999999997,3.3,-1.6600000000000001
,,,2005-06-01,2.5,3.3,4.0,1.5,3.3,-1.7999999999999998
,,,2005-07-01,2.5,3.3,4.18,1.6799999999999997,3.3,-1.62
,,,2005-08-01,2.5,3.3,4.26,1.7599999999999998,3.3,-1.54
,,,2005-09-01,2.5,3.3,4.2,1.7000000000000002,3.3,-1.5999999999999996
,,,2005-10-01,2.5,3.3,4.46,1.96,3.3,-1.3399999999999999
,,,2005-11-01,2.5,3.3,4.54,2.04,3.3,-1.2599999999999998
,,,2005-12-01,2.5,3.3,4.47,1.9699999999999998,3.3,-1.33
4.692572249331742,5.95,-1.257427750668258,2006-01-01,2.5,3.2,4.42,1.92,3.2,-1.2800000000000002
,,,2006-02-01,2.5,3.2,4.57,2.0700000000000003,3.2,-1.13
,,,2006-03-01,2.5,3.2,4.72,2.2199999999999998,3.2,-0.9800000000000004
,,,2006-04-01,2.5,3.2,4.99,2.49,3.2,-0.71
,,,2006-05-01,2.5,3.2,5.11,2.6100000000000003,3.2,-0.5899999999999999
,,,2006-06-01,2.5,3.2,5.11,2.6100000000000003,3.2,-0.5899999999999999
,,,2006-07-01,2.5,3.2,5.09,2.59,3.2,-0.6100000000000003
,,,2006-08-01,2.5,3.2,4.88,2.38,3.2,-0.8200000000000003
,,,2006-09-01,2.5,3.2,4.72,2.2199999999999998,3.2,-0.9800000000000004
,,,2006-10-01,2.5,3.2,4.73,2.2300000000000004,3.2,-0.9699999999999998
,,,2006-11-01,2.5,3.2,4.6,2.0999999999999996,3.2,-1.1000000000000005
,,,2006-12-01,2.5,3.2,4.56,2.0599999999999996,3.2,-1.1400000000000006
4.709094841462851,4.77,-0.060905158537148674,2007-01-01,2.3499999999999996,3.0,4.76,2.41,3.0,-0.5899999999999999
,,,2007-02-01,2.3499999999999996,3.0,4.72,2.37,3.0,-0.6299999999999999
,,,2007-03-01,2.3499999999999996,3.0,4.56,2.21,3.0,-0.79
,,,2007-04-01,2.4,3.0,4.69,2.2900000000000005,3.0,-0.7099999999999995
,,,2007-05-01,2.4,3.0,4.75,2.35,3.0,-0.6499999999999999
,,,2007-06-01,2.4,3.0,5.1,2.6999999999999997,3.0,-0.30000000000000027
,,,2007-07-01,2.4,3.0,5.0,2.6,3.0,-0.3999999999999999
,,,2007-08-01,2.4,3.0,4.67,2.27,3.0,-0.73
,,,2007-09-01,2.4,3.0,4.52,2.1199999999999997,3.0,-0.8800000000000003
,,,2007-10-01,2.4,3.0,4.53,2.1300000000000003,3.0,-0.8699999999999997
,,,2007-11-01,2.4,3.0,4.15,1.7500000000000004,3.0,-1.2499999999999996
,,,2007-12-01,2.4,3.0,4.1,1.6999999999999997,3.0,-1.3000000000000003
4.355588871369366,2.04,2.315588871369366,2008-01-01,2.5,2.75,3.74,1.2400000000000002,2.75,-1.5099999999999998
,,,2008-02-01,2.5,2.75,3.74,1.2400000000000002,2.75,-1.5099999999999998
,,,2008-03-01,2.5,2.75,3.51,1.0099999999999998,2.75,-1.7400000000000002
,,,2008-04-01,2.5,2.75,3.68,1.1800000000000002,2.75,-1.5699999999999998
,,,2008-05-01,2.5,2.75,3.88,1.38,2.75,-1.37
,,,2008-06-01,2.5,2.75,4.1,1.5999999999999996,2.75,-1.1500000000000004
,,,2008-07-01,2.5,2.75,4.01,1.5099999999999998,2.75,-1.2400000000000002
,,,2008-08-01,2.5,2.75,3.89,1.3900000000000001,2.75,-1.3599999999999999
,,,2008-09-01,2.5,2.75,3.69,1.19,2.75,-1.56
,,,2008-10-01,2.5,2.75,3.81,1.31,2.75,-1.44
,,,2008-11-01,2.5,2.75,3.53,1.0299999999999998,2.75,-1.7200000000000002
,,,2008-12-01,2.5,2.75,2.42,-0.08000000000000007,2.75,-2.83
2.477259885639031,-1.9799999999999998,4.457259885639031,2009-01-01,2.4,2.56,2.52,0.1200000000000001,2.56,-2.44
,,,2009-02-01,2.4,2.56,2.87,0.4700000000000002,2.56,-2.09
,,,2009-03-01,2.4,2.56,2.82,0.41999999999999993,2.56,-2.14
,,,2009-04-01,2.5,2.56,2.93,0.43000000000000016,2.56,-2.13
,,,2009-05-01,2.5,2.56,3.29,0.79,2.56,-1.77
,,,2009-06-01,2.5,2.56,3.72,1.2200000000000002,2.56,-1.3399999999999999
,,,2009-07-01,2.5,2.56,3.56,1.06,2.56,-1.5
,,,2009-08-01,2.5,2.56,3.59,1.0899999999999999,2.56,-1.4700000000000002
,,,2009-09-01,2.5,2.56,3.4,0.8999999999999999,2.56,-1.6600000000000001
,,,2009-10-01,2.2626999999999997,2.56,3.39,1.1273000000000004,2.56,-1.4326999999999996
,,,2009-11-01,2.2626999999999997,2.56,3.4,1.1373000000000002,2.56,-1.4226999999999999
,,,2009-12-01,2.2626999999999997,2.56,3.59,1.3273000000000001,2.56,-1.2327
2.175369408314689,3.94,-1.764630591685311,2010-01-01,2.3899999999999997,2.7,3.73,1.3400000000000003,2.7,-1.3599999999999999
,,,2010-02-01,2.3899999999999997,2.7,3.69,1.3000000000000003,2.7,-1.4
,,,2010-03-01,2.3899999999999997,2.7,3.73,1.3400000000000003,2.7,-1.3599999999999999
,,,2010-04-01,2.4,2.7,3.85,1.4500000000000002,2.7,-1.25
,,,2010-05-01,2.4,2.7,3.42,1.02,2.7,-1.6800000000000002
,,,2010-06-01,2.4,2.7,3.2,0.8000000000000003,2.7,-1.9
,,,2010-07-01,2.3,2.7,3.01,0.71,2.7,-1.9900000000000002
,,,2010-08-01,2.3,2.7,2.7,0.40000000000000036,2.7,-2.3
,,,2010-09-01,2.3,2.7,2.65,0.3500000000000001,2.7,-2.35
,,,2010-10-01,2.2,2.7,2.54,0.33999999999999986,2.7,-2.3600000000000003
,,,2010-11-01,2.2,2.7,2.76,0.5599999999999996,2.7,-2.1400000000000006
,,,2010-12-01,2.2,2.7,3.29,1.0899999999999999,2.7,-1.6100000000000003
2.270514950010303,3.66,-1.3894850499896971,2011-01-01,2.3,2.835,3.39,1.0900000000000003,2.835,-1.7449999999999997
,,,2011-02-01,2.3,2.835,3.58,1.2800000000000002,2.835,-1.5549999999999997
,,,2011-03-01,2.3,2.835,3.41,1.1100000000000003,2.835,-1.7249999999999996
,,,2011-04-01,2.4,2.835,3.46,1.06,2.835,-1.775
,,,2011-05-01,2.4,2.835,3.17,0.77,2.835,-2.065
,,,2011-06-01,2.4,2.835,3.0,0.6000000000000001,2.835,-2.235
,,,2011-07-01,2.4,2.835,3.0,0.6000000000000001,2.835,-2.235
,,,2011-08-01,2.4,2.835,2.3,-0.10000000000000009,2.835,-2.935
,,,2011-09-01,2.4,2.835,1.98,-0.41999999999999993,2.835,-3.255
,,,2011-10-01,2.5,2.835,2.15,-0.3500000000000001,2.835,-3.185
,,,2011-11-01,2.5,2.835,2.01,-0.4900000000000002,2.835,-3.325
,,,2011-12-01,2.5,2.835,1.98,-0.52,2.835,-3.355
1.9537757340110669,4.19,-2.236224265988934,2012-01-01,2.3,2.64,1.97,-0.32999999999999985,2.64,-2.9699999999999998
,,,2012-02-01,2.3,2.64,1.97,-0.32999999999999985,2.64,-2.9699999999999998
,,,2012-03-01,2.3,2.64,2.17,-0.1299999999999999,2.64,-2.77
,,,2012-04-01,2.48,2.64,2.05,-0.43000000000000016,2.64,-3.0700000000000003
,,,2012-05-01,2.48,2.64,1.8,-0.6799999999999999,2.64,-3.3200000000000003
,,,2012-06-01,2.48,2.64,1.62,-0.8599999999999999,2.64,-3.5
,,,2012-07-01,2.3499999999999996,2.64,1.53,-0.8199999999999996,2.64,-3.46
,,,2012-08-01,2.3499999999999996,2.64,1.68,-0.6699999999999997,2.64,-3.3099999999999996
,,,2012-09-01,2.3499999999999996,2.64,1.72,-0.6299999999999997,2.64,-3.2699999999999996
,,,2012-10-01,2.3,2.64,1.75,-0.5499999999999998,2.64,-3.19
,,,2012-11-01,2.3,2.64,1.65,-0.6499999999999999,2.64,-3.29
,,,2012-12-01,2.3,2.64,1.72,-0.5799999999999998,2.64,-3.2199999999999998
1.8433638525766243,3.8599999999999994,-2.0166361474233754,2013-01-01,2.3,2.5,1.91,-0.3899999999999999,2.5,-2.8899999999999997
,,,2013-02-01,2.3,2.5,1.98,-0.31999999999999984,2.5,-2.82
,,,2013-03-01,2.3,2.5,1.96,-0.33999999999999986,2.5,-2.84
,,,2013-04-01,2.3,2.5,1.76,-0.5399999999999998,2.5,-3.04
,,,2013-05-01,2.3,2.5,1.93,-0.3699999999999999,2.5,-2.87
,,,2013-06-01,2.3,2.5,2.3,0.0,2.5,-2.5
,,,2013-07-01,2.205,2.5,2.58,0.375,2.5,-2.125
,,,2013-08-01,2.205,2.5,2.74,0.5350000000000001,2.5,-1.9649999999999999
,,,2013-09-01,2.205,2.5,2.81,0.605,2.5,-1.895
,,,2013-10-01,2.3,2.5,2.62,0.3200000000000003,2.5,-2.1799999999999997
,,,2013-11-01,2.3,2.5,2.72,0.4200000000000004,2.5,-2.0799999999999996
,,,2013-12-01,2.3,2.5,2.9,0.6000000000000001,2.5,-1.9
1.7915321553010708,4.31,-2.5184678446989293,2014-01-01,2.3,2.6,2.86,0.56,2.6,-2.04
,,,2014-02-01,2.3,2.6,2.71,0.41000000000000014,2.6,-2.19
,,,2014-03-01,2.3,2.6,2.72,0.4200000000000004,2.6,-2.1799999999999997
,,,2014-04-01,2.25,2.6,2.71,0.45999999999999996,2.6,-2.14
,,,2014-05-01,2.25,2.6,2.56,0.31000000000000005,2.6,-2.29
,,,2014-06-01,2.25,2.6,2.6,0.3500000000000001,2.6,-2.25
,,,2014-07-01,2.2,2.6,2.54,0.33999999999999986,2.6,-2.2600000000000002
,,,2014-08-01,2.2,2.6,2.42,0.21999999999999975,2.6,-2.3800000000000003
,,,2014-09-01,2.2,2.6,2.53,0.3299999999999996,2.6,-2.2700000000000005
,,,2014-10-01,2.2,2.6,2.3,0.09999999999999964,2.6,-2.5000000000000004
,,,2014-11-01,2.2,2.6,2.33,0.1299999999999999,2.6,-2.47
,,,2014-12-01,2.2,2.6,2.21,0.009999999999999787,2.6,-2.5900000000000003
1.7015037023054291,3.9,-2.198496297694571,2015-01-01,2.1,2.5,1.88,-0.2200000000000002,2.5,-2.72
,,,2015-02-01,2.1,2.5,1.98,-0.1200000000000001,2.5,-2.62
,,,2015-03-01,2.1,2.5,2.04,-0.06000000000000005,2.5,-2.56
,,,2015-04-01,2.135,2.5,1.94,-0.19499999999999984,2.5,-2.695
,,,2015-05-01,2.135,2.5,2.2,0.06500000000000039,2.5,-2.4349999999999996
,,,2015-06-01,2.135,2.5,2.36,0.2250000000000001,2.5,-2.275
,,,2015-07-01,2.1500000000000004,2.5,2.32,0.16999999999999948,2.5,-2.3300000000000005
,,,2015-08-01,2.1500000000000004,2.5,2.17,0.019999999999999574,2.5,-2.4800000000000004
,,,2015-09-01,2.1500000000000004,2.5,2.17,0.019999999999999574,2.5,-2.4800000000000004
,,,2015-10-01,2.15,2.5,2.07,-0.08000000000000007,2.5,-2.58
,,,2015-11-01,2.15,2.5,2.26,0.10999999999999988,2.5,-2.39
,,,2015-12-01,2.15,2.5,2.24,0.0900000000000003,2.5,-2.4099999999999997
1.6942360977394655,2.79,-1.0957639022605346,2016-01-01,2.12,2.275,2.09,-0.03000000000000025,2.275,-2.305
,,,2016-02-01,2.12,2.275,1.78,-0.3400000000000001,2.275,-2.615
,,,2016-03-01,2.12,2.275,1.89,-0.2300000000000002,2.275,-2.505
,,,2016-04-01,2.2,2.275,1.81,-0.3900000000000001,2.275,-2.665
,,,2016-05-01,2.2,2.275,1.81,-0.3900000000000001,2.275,-2.665
,,,2016-06-01,2.2,2.275,1.64,-0.5600000000000003,2.275,-2.835
,,,2016-07-01,2.1500000000000004,2.275,1.5,-0.6500000000000004,2.275,-2.9250000000000003
,,,2016-08-01,2.1500000000000004,2.275,1.56,-0.5900000000000003,2.275,-2.865
,,,2016-09-01,2.1500000000000004,2.275,1.63,-0.5200000000000005,2.275,-2.7950000000000004
,,,2016-10-01,2.2161,2.275,1.76,-0.45609999999999995,2.275,-2.7310999999999996
,,,2016-11-01,2.2161,2.275,2.14,-0.07609999999999983,2.275,-2.3510999999999997
,,,2016-12-01,2.2161,2.275,2.49,0.27390000000000025,2.275,-2.0010999999999997
1.7902703083078522,4.29,-2.499729691692148,2017-01-01,2.3,2.45,2.43,0.13000000000000034,2.45,-2.32
,,,2017-02-01,2.3,2.45,2.42,0.1200000000000001,2.45,-2.33
,,,2017-03-01,2.3,2.45,2.48,0.18000000000000016,2.45,-2.27
,,,2017-04-01,2.3,2.45,2.3,0.0,2.45,-2.45
,,,2017-05-01,2.3,2.45,2.3,0.0,2.45,-2.45
,,,2017-06-01,2.3,2.45,2.19,-0.10999999999999988,2.45,-2.56
,,,2017-07-01,2.25,2.45,2.32,0.06999999999999984,2.45,-2.3800000000000003
,,,2017-08-01,2.25,2.45,2.21,-0.040000000000000036,2.45,-2.49
,,,2017-09-01,2.25,2.45,2.2,-0.04999999999999982,2.45,-2.5
,,,2017-10-01,2.2,2.45,2.36,0.1599999999999997,2.45,-2.2900000000000005
,,,2017-11-01,2.2,2.45,2.35,0.1499999999999999,2.45,-2.3000000000000003
,,,2017-12-01,2.2,2.45,2.4,0.19999999999999973,2.45,-2.2500000000000004
2.063390060183877,5.33,-3.266609939816123,2018-01-01,2.25,2.15,2.58,0.33000000000000007,2.15,-1.8199999999999998
,,,2018-02-01,2.25,2.15,2.86,0.6099999999999999,2.15,-1.54
,,,2018-03-01,2.25,2.15,2.84,0.5899999999999999,2.15,-1.56
,,,2018-04-01,2.3,2.15,2.87,0.5700000000000003,2.15,-1.5799999999999996
,,,2018-05-01,2.3,2.15,2.98,0.6800000000000002,2.15,-1.4699999999999998
,,,2018-06-01,2.3,2.15,2.91,0.6100000000000003,2.15,-1.5399999999999996
,,,2018-07-01,2.2,2.15,2.89,0.69,2.15,-1.46
,,,2018-08-01,2.2,2.15,2.89,0.69,2.15,-1.46
,,,2018-09-01,2.2,2.15,3.0,0.7999999999999998,2.15,-1.35
,,,2018-10-01,2.21,2.15,3.15,0.94,2.15,-1.21
,,,2018-11-01,2.21,2.15,3.12,0.9100000000000001,2.15,-1.2399999999999998
,,,2018-12-01,2.21,2.15,2.83,0.6200000000000001,2.15,-1.5299999999999998
2.2329902920711637,4.28,-2.0470097079288365,2019-01-01,2.2,1.9849999999999999,2.71,0.5099999999999998,1.9849999999999999,-1.475
,,,2019-02-01,2.2,1.9849999999999999,2.68,0.48,1.9849999999999999,-1.505
,,,2019-03-01,2.2,1.9849999999999999,2.57,0.36999999999999966,1.9849999999999999,-1.6150000000000002
,,,2019-04-01,2.2,1.9849999999999999,2.53,0.3299999999999996,1.9849999999999999,-1.6550000000000002
,,,2019-05-01,2.2,1.9849999999999999,2.4,0.19999999999999973,1.9849999999999999,-1.7850000000000001
,,,2019-06-01,2.2,1.9849999999999999,2.07,-0.13000000000000034,1.9849999999999999,-2.115
,,,2019-07-01,2.2,1.9849999999999999,2.06,-0.14000000000000012,1.9849999999999999,-2.125
,,,2019-08-01,2.2,1.9849999999999999,1.63,-0.5700000000000003,1.9849999999999999,-2.555
,,,2019-09-01,2.2,1.9849999999999999,1.7,-0.5000000000000002,1.9849999999999999,-2.4850000000000003
,,,2019-10-01,2.2,1.9849999999999999,1.71,-0.4900000000000002,1.9849999999999999,-2.475
,,,2019-11-01,2.2,1.9849999999999999,1.81,-0.3900000000000001,1.9849999999999999,-2.375
,,,2019-12-01,2.2,1.9849999999999999,1.86,-0.3400000000000001,1.9849999999999999,-2.325
1.6437904598487991,-0.86,2.503790459848799,2020-01-01,2.2,2.0,1.76,-0.44000000000000017,2.0,-2.4400000000000004
,,,2020-02-01,2.2,2.0,1.5,-0.7000000000000002,2.0,-2.7
,,,2020-03-01,2.2,2.0,0.87,-1.33,2.0,-3.33
,,,2020-04-01,2.135,2.0,0.66,-1.4749999999999996,2.0,-3.4749999999999996
,,,2020-05-01,2.135,2.0,0.67,-1.4649999999999999,2.0,-3.465
,,,2020-06-01,2.135,2.0,0.73,-1.4049999999999998,2.0,-3.405
,,,2020-07-01,2.03,2.0,0.62,-1.4099999999999997,2.0,-3.4099999999999997
,,,2020-08-01,2.03,2.0,0.65,-1.38,2.0,-3.38
,,,2020-09-01,2.03,2.0,0.68,-1.3499999999999996,2.0,-3.3499999999999996
,,,2020-10-01,2.12,2.0,0.79,-1.33,2.0,-3.33
,,,2020-11-01,2.12,2.0,0.87,-1.25,2.0,-3.25
,,,2020-12-01,2.12,2.0,0.93,-1.19,2.0,-3.19
1.5811226330593553,10.9,-9.318877366940646,2021-01-01,2.2,2.25,1.08,-1.12,2.25,-3.37
,,,2021-02-01,2.2,2.25,1.26,-0.9400000000000002,2.25,-3.1900000000000004
,,,2021-03-01,2.2,2.25,1.61,-0.5900000000000001,2.25,-2.84
,,,2021-04-01,2.3,2.25,1.64,-0.6599999999999999,2.25,-2.91
,,,2021-05-01,2.3,2.25,1.62,-0.6799999999999997,2.25,-2.9299999999999997
,,,2021-06-01,2.3,2.25,1.52,-0.7799999999999998,2.25,-3.03
,,,2021-07-01,2.4367,2.25,1.32,-1.1167,2.25,-3.3667
,,,2021-08-01,2.4367,2.25,1.28,-1.1567,2.25,-3.4067
,,,2021-09-01,2.4367,2.25,1.37,-1.0667,2.25,-3.3167
,,,2021-10-01,2.55,2.25,1.58,-0.9699999999999998,2.25,-3.2199999999999998
,,,2021-11-01,2.55,2.25,1.56,-0.9899999999999998,2.25,-3.2399999999999998
,,,2021-12-01,2.55,2.25,1.47,-1.0799999999999998,2.25,-3.33
1.9621418730411289,9.82,-7.857858126958872,2022-01-01,2.49815,2.275,1.76,-0.7381499999999999,2.275,-3.0131499999999996
,,,2022-02-01,2.49815,2.275,1.93,-0.5681499999999999,2.275,-2.8431499999999996
,,,2022-03-01,2.49815,2.275,2.13,-0.36815,2.275,-2.64315
,,,2022-04-01,2.8,2.275,2.75,-0.04999999999999982,2.275,-2.3249999999999997
,,,2022-05-01,2.8,2.275,2.9,0.10000000000000009,2.275,-2.175
,,,2022-06-01,2.8,2.275,3.14,0.3400000000000003,2.275,-1.9349999999999996
,,,2022-07-01,2.8,2.275,2.9,0.10000000000000009,2.275,-2.175
,,,2022-08-01,2.8,2.275,2.9,0.10000000000000009,2.275,-2.175
,,,2022-09-01,2.8,2.275,3.52,0.7200000000000002,2.275,-1.5549999999999997
,,,2022-10-01,2.95,2.275,3.98,1.0299999999999998,2.275,-1.245
,,,2022-11-01,2.95,2.275,3.89,0.94,2.275,-1.335
,,,2022-12-01,2.95,2.275,3.62,0.6699999999999999,2.275,-1.605
2.509060016995227,6.59,-4.0809399830047735,2023-01-01,2.37,2.0,3.53,1.1599999999999997,2.0,-0.8400000000000003
,,,2023-02-01,2.37,2.0,3.75,1.38,2.0,-0.6200000000000001
,,,2023-03-01,2.37,2.0,3.66,1.29,2.0,-0.71
,,,2023-04-01,2.3554500000000003,2.0,3.46,1.1045499999999997,2.0,-0.8954500000000003
,,,2023-05-01,2.3554500000000003,2.0,3.57,1.2145499999999996,2.0,-0.7854500000000004
,,,2023-06-01,2.3554500000000003,2.0,3.75,1.3945499999999997,2.0,-0.6054500000000003
,,,2023-07-01,2.4,2.0,3.9,1.5,2.0,-0.5
,,,2023-08-01,2.4,2.0,4.17,1.77,2.0,-0.22999999999999998
,,,2023-09-01,2.4,2.0,4.38,1.98,2.0,-0.020000000000000018
,,,2023-10-01,2.4,2.0,4.8,2.4,2.0,0.3999999999999999
,,,2023-11-01,2.4,2.0,4.5,2.1,2.0,0.10000000000000009
,,,2023-12-01,2.4,2.0,4.02,1.6199999999999997,2.0,-0.38000000000000034
3.1246115818495297,5.28,-2.15538841815047,2024-01-01,2.24,2.0,4.06,1.8199999999999994,2.0,-0.1800000000000006
,,,2024-02-01,2.24,2.0,4.21,1.9699999999999998,2.0,-0.03000000000000025
,,,2024-03-01,2.24,2.0,4.21,1.9699999999999998,2.0,-0.03000000000000025
,,,2024-04-01,2.325,2.0,4.54,2.215,2.0,0.21499999999999986
,,,2024-05-01,2.325,2.0,4.48,2.1550000000000002,2.0,0.15500000000000025
,,,2024-06-01,2.325,2.0,4.31,1.9849999999999994,2.0,-0.015000000000000568
,,,2024-07-01,2.3,2.0,4.25,1.9500000000000002,2.0,-0.04999999999999982
,,,2024-08-01,2.3,2.0,3.87,1.5700000000000003,2.0,-0.4299999999999997
,,,2024-09-01,2.3,2.0,3.72,1.4200000000000004,2.0,-0.5799999999999996
,,,2024-10-01,2.225,2.0,4.1,1.8749999999999996,2.0,-0.12500000000000044
,,,2024-11-01,2.225,2.0,4.36,2.1350000000000002,2.0,0.13500000000000023
,,,2024-12-01,2.225,2.0,4.39,2.1649999999999996,2.0,0.1649999999999996
,,,2025-01-01,2.3,2.1,4.63,2.33,2.1,0.22999999999999998
,,,2025-02-01,2.3,2.1,4.45,2.1500000000000004,2.1,0.050000000000000266
,,,2025-03-01,2.3,2.1,4.28,1.9800000000000004,2.1,-0.11999999999999966
,,,2025-04-01,2.3492,2.1,4.28,1.9308,2.1,-0.16920000000000002
,,,2025-05-01,2.3492,2.1,4.42,2.0707999999999998,2.1,-0.029200000000000337
