date,interest_rate,debt_held_by_public,gdp_growth_rate,b_lag1,gross_interest
1947-04-01,,,-0.01,,
1947-07-01,,,-0.008,,
1947-10-01,,,0.064,,
1948-01-01,,,0.062,,
1948-04-01,,,0.068,,
1948-07-01,,,0.023,,
1948-10-01,,,0.005,,
1949-01-01,,,-0.054000000000000006,,
1949-04-01,,,-0.013999999999999999,,
1949-07-01,,,0.042,,
1949-10-01,,,-0.033,,
1950-01-01,,,0.16699999999999998,,
1950-04-01,,,0.127,,
1950-07-01,,,0.16399999999999998,,
1950-10-01,,,0.079,,
1951-01-01,,,0.055,,
1951-04-01,,,0.071,,
1951-07-01,,,0.085,,
1951-10-01,,,0.009000000000000001,,
1952-01-01,,,0.043,,
1952-04-01,,,0.008,,
1952-07-01,,,0.028999999999999998,,
1952-10-01,,,0.138,,
1953-01-01,,,0.077,,
1953-04-01,,,0.031,,
1953-07-01,,,-0.022000000000000002,,
1953-10-01,,,-0.059000000000000004,,
1954-01-01,,,-0.019,,
1954-04-01,,,0.004,,
1954-07-01,,,0.046,,
1954-10-01,,,0.081,,
1955-01-01,,,0.11900000000000001,,
1955-04-01,,,0.067,,
1955-07-01,,,0.055,,
1955-10-01,,,0.024,,
1956-01-01,,,-0.015,,
1956-04-01,,,0.033,,
1956-07-01,,,-0.003,,
1956-10-01,,,0.068,,
1957-01-01,,,0.026000000000000002,,
1957-04-01,,,-0.009000000000000001,,
1957-07-01,,,0.04,,
1957-10-01,,,-0.040999999999999995,,
1958-01-01,,,-0.1,,
1958-04-01,,,0.027000000000000003,,
1958-07-01,,,0.096,,
1958-10-01,,,0.09699999999999999,,
1959-01-01,,,0.079,,
1959-04-01,,,0.09300000000000001,,
1959-07-01,,,0.003,,
1959-10-01,,,0.011000000000000001,,
1960-01-01,,,0.09300000000000001,,
1960-04-01,,,-0.021,,
1960-07-01,,,0.02,,
1960-10-01,,,-0.05,,
1961-01-01,,,0.027000000000000003,,
1961-04-01,,,0.07,,
1961-07-01,,,0.079,,
1961-10-01,,,0.081,,
1962-01-01,,,0.073,,
1962-04-01,,,0.037000000000000005,,
1962-07-01,,,0.05,,
1962-10-01,,,0.013000000000000001,,
1963-01-01,,,0.044000000000000004,,
1963-04-01,,,0.046,,
1963-07-01,,,0.091,,
1963-10-01,,,0.026000000000000002,,
1964-01-01,,,0.087,,
1964-04-01,,,0.044000000000000004,,
1964-07-01,,,0.064,,
1964-10-01,,,0.012,,
1965-01-01,,,0.1,,
1965-04-01,,,0.052000000000000005,,
1965-07-01,,,0.092,,
1965-10-01,,,0.095,,
1966-01-01,,,0.10099999999999999,,
1966-04-01,,,0.013999999999999999,,
1966-07-01,,,0.034,,
1966-10-01,,,0.033,,
1967-01-01,,,0.036000000000000004,,
1967-04-01,,,0.002,,
1967-07-01,,,0.038,,
1967-10-01,,,0.031,,
1968-01-01,,,0.084,,
1968-04-01,,,0.069,,
1968-07-01,,,0.031,,
1968-10-01,,,0.016,,
1969-01-01,,,0.064,,
1969-04-01,,,0.012,,
1969-07-01,,,0.027000000000000003,,
1969-10-01,,,-0.019,,
1970-01-01,,26.71366,-0.006,,
1970-04-01,,25.75702,0.006,,
1970-07-01,,25.99923,0.037000000000000005,,
1970-10-01,,26.75362,-0.042,26.71366,
1971-01-01,,25.72712,0.113,25.75702,
1971-04-01,,25.46263,0.022000000000000002,25.99923,
1971-07-01,,25.89441,0.033,26.75362,
1971-10-01,,26.64192,0.009000000000000001,25.72712,
1972-01-01,,26.08359,0.076,25.46263,
1972-04-01,,24.87237,0.094,25.89441,
1972-07-01,,24.76231,0.038,26.64192,
1972-10-01,,24.95109,0.069,26.08359,
1973-01-01,,24.67234,0.10300000000000001,24.87237,
1973-04-01,,23.61801,0.044000000000000004,24.76231,
1973-07-01,,23.21308,-0.021,24.95109,
1973-10-01,,22.99225,0.039,24.67234,
1974-01-01,,22.96519,-0.034,23.61801,
1974-04-01,,21.96188,0.01,23.21308,
1974-07-01,,21.85098,-0.037000000000000005,22.99225,
1974-10-01,,21.97047,-0.015,22.96519,
1975-01-01,,22.96871,-0.048,21.96188,
1975-04-01,,23.48302,0.028999999999999998,21.85098,
1975-07-01,,24.0599,0.07,21.97047,
1975-10-01,,24.82105,0.055,22.96871,
1976-01-01,,25.34613,0.09300000000000001,23.48302,
1976-04-01,,25.41774,0.03,24.0599,
1976-07-01,,25.88455,0.022000000000000002,24.82105,
1976-10-01,,26.18271,0.028999999999999998,25.34613,
1977-01-01,,26.36253,0.048,25.41774,
1977-04-01,,25.44962,0.08,25.88455,
1977-07-01,,25.64819,0.07400000000000001,26.18271,
1977-10-01,,26.06394,0.0,26.36253,
1978-01-01,,26.56817,0.013000000000000001,25.44962,
1978-04-01,,25.21576,0.16399999999999998,25.64819,
1978-07-01,,25.20074,0.040999999999999995,26.06394,
1978-10-01,,24.99878,0.055,26.56817,
1979-01-01,,24.9551,0.006999999999999999,25.21576,
1979-04-01,,24.17323,0.004,25.20074,
1979-07-01,,23.94828,0.03,24.99878,
1979-10-01,,24.15552,0.01,24.9551,
1980-01-01,,23.91257,0.013000000000000001,24.17323,
1980-04-01,,24.40558,-0.08,23.94828,
1980-07-01,,24.85427,-0.005,24.15552,
1980-10-01,,24.7105,0.077,23.91257,
1981-01-01,,24.76392,0.081,24.40558,
1981-04-01,,24.38726,-0.028999999999999998,24.85427,
1981-07-01,,24.22244,0.049,24.7105,
1981-10-01,,25.16168,-0.043,24.76392,
1982-01-01,0.07623742309999999,26.23118,-0.061,24.38726,1.98000197962695
1982-02-01,0.0765664807,,,24.22244,
1982-03-01,0.0712899337,,,25.16168,
1982-04-01,0.0740834717,26.04812,0.018000000000000002,26.23118,1.9089360326007916
1982-05-01,0.0732004091,,,,
1982-06-01,0.0734537864,,,,
1982-07-01,0.0755898662,27.49681,-0.015,26.04812,1.9989582797579128
1982-08-01,0.0687979814,,,,
1982-09-01,0.0650722489,,,,
1982-10-01,0.0627916218,29.02869,0.002,27.49681,1.7231230481301976
1982-11-01,0.056262142300000005,,,,
1982-12-01,0.058817314200000005,,,,
1983-01-01,0.055433895,30.03786,0.054000000000000006,29.02869,1.526729936857258
1983-02-01,0.05861704869999999,,,,
1983-03-01,0.055738384700000004,,,,
1983-04-01,0.0570012244,30.46486,0.094,30.03786,1.565077512208212
1983-05-01,0.054023935300000006,,,,
1983-06-01,0.058095582400000005,,,,
1983-07-01,0.058185791,30.85207,0.08199999999999999,30.46486,1.6382827881739925
1983-08-01,0.06269421780000001,,,,
1983-09-01,0.0635502485,,,,
1983-10-01,0.060326933299999996,30.94904,0.086,30.85207,1.7138220709548166
1983-11-01,0.0614393792,,,,
1983-12-01,0.0614842454,,,,
1984-01-01,0.0621530449,31.31733,0.081,30.94904,1.7794422504457874
1984-02-01,0.061010181000000004,,,,
1984-03-01,0.0646257937,,,,
1984-04-01,0.0662874874,31.30237,0.071,31.31733,1.9383259736476581
1984-05-01,0.06851464909999999,,,,
1984-06-01,0.0734576833,,,,
1984-07-01,0.0744614428,32.05443,0.039,31.30237,2.243329772145752
1984-08-01,0.0687114867,,,,
1984-09-01,0.0697565415,,,,
1984-10-01,0.0660885326,33.10472,0.033,32.05443,2.050755316582206
1984-11-01,0.060664814399999996,,,,
1984-12-01,0.0607562511,,,,
1985-01-01,0.0616190057,33.45569,0.039,33.10472,1.963310808832439
1985-02-01,0.0601581783,,,,
1985-03-01,0.06383835809999999,,,,
1985-04-01,0.061913880399999996,34.00518,0.036000000000000004,33.45569,1.99939342602266
1985-05-01,0.0593748656,,,,
1985-06-01,0.051560053,,,,
1985-07-01,0.0533392835,34.34319,0.063,34.00518,1.7063141453325779
1985-08-01,0.055901181400000007,,,,
1985-09-01,0.054232741,,,,
1985-10-01,0.0540769529,35.9372,0.03,34.34319,1.803082590355098
1985-11-01,0.052424908,,,,
1985-12-01,0.050807695199999996,,,,
1986-01-01,0.0454718526,36.25327,0.038,35.9372,1.5743073807868206
1986-02-01,0.0462388041,,,,
1986-03-01,0.0420918205,,,,
1986-04-01,0.0394830491,37.06959,0.018000000000000002,36.25327,1.4060801959190146
1986-05-01,0.0404659032,,,,
1986-06-01,0.0458448381,,,,
1986-07-01,0.0399302785,37.81619,0.039,37.06959,1.4246381641778778
1986-08-01,0.039205807,,,,
1986-09-01,0.0355172642,,,,
1986-10-01,0.0386705459,38.89843,0.022000000000000002,37.81619,1.4308930637555
1986-11-01,0.0374388639,,,,
1986-12-01,0.035437343600000004,,,,
1987-01-01,0.0360456573,38.94981,0.03,38.89843,1.3612810459107174
1987-02-01,0.0357858135,,,,
1987-03-01,0.035547854499999997,,,,
1987-04-01,0.0376019917,38.93233,0.044000000000000004,38.94981,1.4028643987898246
1987-05-01,0.043597144,,,,
1987-06-01,0.0433241266,,,,
1987-07-01,0.0427752862,38.75706,0.035,38.93233,1.6090256600800446
1987-08-01,0.044802317599999995,,,,
1987-09-01,0.0460420021,,,,
1987-10-01,0.0495924181,39.01892,0.07,38.75706,1.7963143213521364
1987-11-01,0.045254317100000004,,,,
1987-12-01,0.045792755100000006,,,,
1988-01-01,0.0460538556,39.35668,0.021,39.01892,1.7600114665503939
1988-02-01,0.0409836913,,,,
1988-03-01,0.04042738059999999,,,,
1988-04-01,0.044165564799999994,38.79383,0.054000000000000006,39.35668,1.6491555985321285
1988-05-01,0.0449627175,,,,
1988-06-01,0.046508806800000004,,,,
1988-07-01,0.044353527499999996,38.83776,0.024,38.79383,1.6803156306009033
1988-08-01,0.045427448200000005,,,,
1988-09-01,0.047078602500000004,,,,
1988-10-01,0.044619939100000006,38.80314,0.054000000000000006,38.83776,1.644154161271742
1988-11-01,0.0435872218,,,,
1988-12-01,0.0461793872,,,,
1989-01-01,0.0486319371,38.71024,0.040999999999999995,38.80314,1.8127491486671412
1989-02-01,0.0473187982,,,,
1989-03-01,0.0497372227,,,,
1989-04-01,0.0487105004,38.16724,0.031,38.71024,1.8288992832241477
1989-05-01,0.0462966249,,,,
1989-06-01,0.044111656400000004,,,,
1989-07-01,0.0400267623,38.28949,0.03,38.16724,1.4832146049777202
1989-08-01,0.0373935273,,,,
1989-09-01,0.042770714300000005,,,,
1989-10-01,0.042971833300000005,39.06522,0.008,38.28949,1.6323110926805726
1989-11-01,0.0403013495,,,,
1989-12-01,0.040296658299999996,,,,
1990-01-01,0.041276234,39.66257,0.044000000000000004,39.06522,1.544506860135517
1990-02-01,0.0436692739,,,,
1990-03-01,0.0455196762,,,,
1990-04-01,0.0455216196,39.74431,0.015,39.66257,1.7788220925107117
1990-05-01,0.0480506176,,,,
1990-06-01,0.0438261115,,,,
1990-07-01,0.043418185,40.52376,0.003,39.74431,1.7204644110442173
1990-08-01,0.0417053207,,,,
1990-09-01,0.043987447,,,,
1990-10-01,0.0420053902,42.24243,-0.036000000000000004,40.52376,1.7657845966505727
1990-11-01,0.0405885498,,,,
1990-12-01,0.038939206999999997,,,,
1991-01-01,0.0392293115,43.05343,-0.019,42.24243,1.6892369469795567
1991-02-01,0.0390705382,,,,
1991-03-01,0.041758361800000005,,,,
1991-04-01,0.041098331,43.13567,0.032,43.05343,1.714558252737723
1991-05-01,0.040499163100000006,,,,
1991-06-01,0.0418764426,,,,
1991-07-01,0.042222537500000004,44.24358,0.02,43.13567,1.785585729571201
1991-08-01,0.0413991739,,,,
1991-09-01,0.038784955499999996,,,,
1991-10-01,0.036378620599999995,45.22334,0.013999999999999999,44.24358,1.587298235508627
1991-11-01,0.0356505772,,,,
1991-12-01,0.0341033346,,,,
1992-01-01,0.0319854245,45.85232,0.049,45.22334,1.3789206169760058
1992-02-01,0.0362829159,,,,
1992-03-01,0.0366026498,,,,
1992-04-01,0.0378985987,46.00345,0.044000000000000004,45.85232,1.6645006466896397
1992-05-01,0.0374616997,,,,
1992-06-01,0.0356857666,,,,
1992-07-01,0.0335309944,46.42086,0.04,46.00345,1.4832129080102692
1992-08-01,0.031248226,,,,
1992-09-01,0.029573423600000003,,,,
1992-10-01,0.027280437499999997,46.8403,0.042,46.42086,1.2153372072228885
1992-11-01,0.0332463334,,,,
1992-12-01,0.0350968543,,,,
1993-01-01,0.0326790846,47.3672,0.006999999999999999,46.8403,1.5200577223330487
1993-02-01,0.0300478524,,,,
1993-03-01,0.0267342493,,,,
1993-04-01,0.027745169299999997,47.76493,0.023,47.3672,1.284663717758514
1993-05-01,0.026647206200000002,,,,
1993-06-01,0.0276123734,,,,
1993-07-01,0.0259179878,47.87488,0.019,47.76493,1.214888000989062
1993-08-01,0.0270290307,,,,
1993-09-01,0.024505806899999996,,,,
1993-10-01,0.0239884319,48.22246,0.055999999999999994,47.87488,1.0875410024627574
1993-11-01,0.0256229533,,,,
1993-12-01,0.0272011647,,,,
1994-01-01,0.027726849300000002,48.26273,0.039,48.22246,1.2868689906595554
1994-02-01,0.0262016875,,,,
1994-03-01,0.0297120305,,,,
1994-04-01,0.036591827800000004,47.50795,0.055,48.26273,1.673954033476677
1994-05-01,0.0362457709,,,,
1994-06-01,0.0359356552,,,,
1994-07-01,0.037864194000000004,47.46442,0.024,47.50795,1.756689682951465
1994-08-01,0.0358028405,,,,
1994-09-01,0.036371045,,,,
1994-10-01,0.0395662307,47.5249,0.047,47.46442,1.793684996907062
1994-11-01,0.0410325275,,,,
1994-12-01,0.0411695307,,,,
1995-01-01,0.0424429022,47.98352,0.013999999999999999,47.5249,1.989245249274931
1995-02-01,0.0405499673,,,,
1995-03-01,0.037209855699999995,,,,
1995-04-01,0.036549273,47.94631,0.012,47.98352,1.732967165989091
1995-05-01,0.034204808,,,,
1995-06-01,0.0290471287,,,,
1995-07-01,0.0293803016,47.54835,0.035,47.94631,1.361040626480286
1995-08-01,0.031484884399999996,,,,
1995-09-01,0.0301759856,,,,
1995-10-01,0.030097294,47.40004,0.027000000000000003,47.54835,1.3934534266454723
1995-11-01,0.028842244099999997,,,,
1995-12-01,0.0272215346,,,,
1996-01-01,0.026475919700000003,47.83675,0.03,47.40004,1.2184074299192116
1996-02-01,0.0259785872,,,,
1996-03-01,0.028972935999999998,,,,
1996-04-01,0.031083344199999998,46.54186,0.068,47.83675,1.3922529641005148
1996-05-01,0.0330502587,,,,
1996-06-01,0.0349408029,,,,
1996-07-01,0.0336926055,46.45946,0.036000000000000004,46.54186,1.5136259924867084
1996-08-01,0.0332941538,,,,
1996-09-01,0.0352082209,,,,
1996-10-01,0.033183494699999996,46.32082,0.042,46.45946,1.4795463000718443
1996-11-01,0.0314164675,,,,
1996-12-01,0.0295093511,,,,
1997-01-01,0.032548678,46.32627,0.026000000000000002,46.32082,1.4694751022182841
1997-02-01,0.0321337489,,,,
1997-03-01,0.033085558,,,,
1997-04-01,0.0355047337,44.66071,0.068,46.32627,1.5400766663523398
1997-05-01,0.0343698117,,,,
1997-06-01,0.0327910832,,,,
1997-07-01,0.0319987642,44.0547,0.051,44.66071,1.3597407500424188
1997-08-01,0.030885119,,,,
1997-09-01,0.0315086952,,,,
1997-10-01,0.030165907399999997,43.88258,0.035,44.0547,1.284009662545681
1997-11-01,0.029729568300000002,,,,
1997-12-01,0.029198510400000002,,,,
1998-01-01,0.0284030163,43.67063,0.040999999999999995,43.88258,1.1973080067493314
1998-02-01,0.027770689100000003,,,,
1998-03-01,0.028525119600000003,,,,
1998-04-01,0.028460655300000002,42.25759,0.038,43.67063,1.1973937833948354
1998-05-01,0.0289304228,,,,
1998-06-01,0.0287099745,,,,
1998-07-01,0.0277070571,41.24869,0.051,42.25759,1.1140185147843855
1998-08-01,0.027793401800000003,,,,
1998-09-01,0.0249623921,,,,
1998-10-01,0.0193514547,40.75096,0.066,41.24869,0.7488012720162692
1998-11-01,0.0222103048,,,,
1998-12-01,0.0222957981,,,,
1999-01-01,0.023081524500000002,40.31744,0.038,40.75096,0.9061601942567631
1999-02-01,0.0236759019,,,,
1999-03-01,0.0271035881,,,,
1999-04-01,0.026777899299999998,38.6845,0.034,40.31744,1.0441163910578257
1999-05-01,0.027042380499999998,,,,
1999-06-01,0.0311656311,,,,
1999-07-01,0.030055618000000003,37.86248,0.054000000000000006,38.6845,1.1031181731698294
1999-08-01,0.0310154331,,,,
1999-09-01,0.0316946543,,,,
1999-10-01,0.0314292186,37.52998,0.067,37.86248,1.115265380185687
1999-11-01,0.0314725353,,,,
1999-12-01,0.031922035,,,,
2000-01-01,0.0341105112,36.87171,0.015,37.52998,1.2612480818973164
2000-02-01,0.035133433900000004,,,,
2000-03-01,0.0344034736,,,,
2000-04-01,0.0320296665,34.1121,0.075,36.87171,1.0985940228695024
2000-05-01,0.033605311,,,,
2000-06-01,0.031278929,,,,
2000-07-01,0.0306235485,33.32391,0.004,34.1121,1.0404716621382968
2000-08-01,0.0304561328,,,,
2000-09-01,0.028859961799999997,,,,
2000-10-01,0.028766255900000003,32.71009,0.024,33.32391,0.9361368385239931
2000-11-01,0.0283313793,,,,
2000-12-01,0.0263921042,,,,
2001-01-01,0.022514329399999998,32.80143,-0.013000000000000001,32.71009,0.7461456342083546
2001-02-01,0.022670139800000003,,,,
2001-03-01,0.022672947300000003,,,,
2001-04-01,0.022209839100000003,30.89137,0.025,32.80143,0.7107458366340617
2001-05-01,0.0243341797,,,,
2001-06-01,0.025264560199999998,,,,
2001-07-01,0.025283674399999997,31.50312,-0.016,30.89137,0.7937472976117154
2001-08-01,0.0233436142,,,,
2001-09-01,0.0217776797,,,,
2001-10-01,0.0198693245,31.83499,0.011000000000000001,31.50312,0.6191352265503858
2001-11-01,0.0181476553,,,,
2001-12-01,0.020405763,,,,
2002-01-01,0.025234999600000002,31.93466,0.034,31.83499,0.776939999918766
2002-02-01,0.0240007343,,,,
2002-03-01,0.024212901800000002,,,,
2002-04-01,0.027011263200000003,31.81223,0.025,31.93466,0.8415565916707436
2002-05-01,0.0235054993,,,,
2002-06-01,0.0231986391,,,,
2002-07-01,0.0214192855,32.34318,0.016,31.81223,0.6706646031118749
2002-08-01,0.0174226259,,,,
2002-09-01,0.0144610825,,,,
2002-10-01,0.0126869564,32.97389,0.005,32.34318,0.40829503930084776
2002-11-01,0.0139558681,,,,
2002-12-01,0.0169225366,,,,
2003-01-01,0.014882017400000001,33.20866,0.021,32.97389,0.4806248821994966
2003-02-01,0.014663790000000001,,,,
2003-03-01,0.0122359095,,,,
2003-04-01,0.0130961847,33.73427,0.036000000000000004,33.20866,0.4197941554049247
2003-05-01,0.0137072098,,,,
2003-06-01,0.009051157399999999,,,,
2003-07-01,0.0112868896,33.92545,0.068,33.73427,0.35651215470654685
2003-08-01,0.0175170446,,,,
2003-09-01,0.0189723825,,,,
2003-10-01,0.013808193600000001,34.35248,0.047,33.92545,0.4474204217451003
2003-11-01,0.0171390165,,,,
2003-12-01,0.0171357266,,,,
2004-01-01,0.0170195436,35.02902,0.023,34.35248,0.5715186032533021
2004-02-01,0.0157158074,,,,
2004-03-01,0.0147016466,,,,
2004-04-01,0.0135814941,34.82868,0.031,35.02902,0.4614417346835908
2004-05-01,0.0188324516,,,,
2004-06-01,0.0194657611,,,,
2004-07-01,0.0193379862,34.97163,0.038,34.82868,0.6488598585782428
2004-08-01,0.0185580269,,,,
2004-09-01,0.0148469164,,,,
2004-10-01,0.016871063,35.17424,0.040999999999999995,34.97163,0.566770963441585
2004-11-01,0.0160768876,,,,
2004-12-01,0.019095366199999998,,,,
2005-01-01,0.017792759000000002,35.81338,0.045,35.17424,0.5988964357207274
2005-02-01,0.018131591199999998,,,,
2005-03-01,0.0197934111,,,,
2005-04-01,0.0202052684,35.03637,0.02,35.81338,0.7094303482462667
2005-05-01,0.0178986568,,,,
2005-06-01,0.016668881099999998,,,,
2005-07-01,0.0182002108,35.01106,0.032,35.03637,0.6178966275841047
2005-08-01,0.0200821677,,,,
2005-09-01,0.0173569017,,,,
2005-10-01,0.0196704484,35.38378,0.022000000000000002,35.01106,0.6738583651265205
2005-11-01,0.0207568901,,,,
2005-12-01,0.0201834727,,,,
2006-01-01,0.0206484172,35.83165,0.055,35.38378,0.6925299066853233
2006-02-01,0.0220441278,,,,
2006-03-01,0.0238362088,,,,
2006-04-01,0.023583930299999997,34.88186,0.01,35.83165,0.8366842932019751
2006-05-01,0.0240637015,,,,
2006-06-01,0.0245080986,,,,
2006-07-01,0.0249634953,34.91811,0.006,34.88186,0.8655796701443917
2006-08-01,0.022982861,,,,
2006-09-01,0.022060571900000003,,,,
2006-10-01,0.0221206207,34.90998,0.035,34.91811,0.7462901129187218
2006-11-01,0.021998853999999998,,,,
2006-12-01,0.0212213778,,,,
2007-01-01,0.0214807579,35.55432,0.012,34.90998,0.7410008188476699
2007-02-01,0.0228715091,,,,
2007-03-01,0.020249864,,,,
2007-04-01,0.0207748685,34.32166,0.025,35.55432,0.7206208025433366
2007-05-01,0.020318442000000003,,,,
2007-06-01,0.022463097300000002,,,,
2007-07-01,0.0237357342,34.66906,0.023,34.32166,0.7963341144308623
2007-08-01,0.021338807700000004,,,,
2007-09-01,0.0194622258,,,,
2007-10-01,0.0198911422,34.90498,0.025,34.66906,0.6727875145369093
2007-11-01,0.018262471199999998,,,,
2007-12-01,0.0138696881,,,,
2008-01-01,0.0139949068,36.26991,-0.017,34.90498,0.4969399206061689
2008-02-01,0.0111112286,,,,
2008-03-01,0.0102522008,,,,
2008-04-01,0.0106289422,35.5518,0.024,36.26991,0.37647536815351756
2008-05-01,0.014005162900000001,,,,
2008-06-01,0.0148755401,,,,
2008-07-01,0.0144558109,39.02437,-0.021,35.5518,0.5249541347851072
2008-08-01,0.0135649733,,,,
2008-09-01,0.0123957472,,,,
2008-10-01,0.0148506331,43.62377,-0.085,39.02437,0.6333733342389584
2008-11-01,0.016316285399999998,,,,
2008-12-01,0.0097537985,,,,
2009-01-01,0.0093854104,47.37291,-0.045,43.62377,0.42871935564943253
2009-02-01,0.0103930649,,,,
2009-03-01,0.0125074177,,,,
2009-04-01,0.0071281967000000005,49.90158,-0.006999999999999999,47.37291,0.34006386780603926
2009-05-01,0.010174109,,,,
2009-06-01,0.013221055399999999,,,,
2009-07-01,0.012669028200000002,52.28458,0.013999999999999999,49.90158,0.6234758621741184
2009-08-01,0.0115904037,,,,
2009-09-01,0.0094923764,,,,
2009-10-01,0.0099714116,53.33579,0.044000000000000004,52.28458,0.49937841715816855
2009-11-01,0.0106141004,,,,
2009-12-01,0.008480405600000001,,,,
2010-01-01,0.0129792486,56.17657,0.019,53.33579,0.6793508122545575
2010-02-01,0.011245154100000002,,,,
2010-03-01,0.0099873153,,,,
2010-04-01,0.013091052999999998,57.67095,0.039,56.17657,0.707806020431386
2010-05-01,0.0122638786,,,,
2010-06-01,0.010193609800000001,,,,
2010-07-01,0.0084675907,59.62122,0.031,57.67095,0.47365082432605715
2010-08-01,0.0065616389,,,,
2010-09-01,0.0057706775,,,,
2010-10-01,0.0040880525,61.36991,0.021,59.62122,0.23872152543981393
2010-11-01,0.0033888955999999996,,,,
2010-12-01,0.0062620927,,,,
2011-01-01,0.0086397716,62.90334,-0.009000000000000001,61.36991,0.5350373415868375
2011-02-01,0.0082968718,,,,
2011-03-01,0.0087385088,,,,
2011-04-01,0.0097750283,62.65052,0.027000000000000003,62.90334,0.598716580978113
2011-05-01,0.007114748400000001,,,,
2011-06-01,0.0049226699,,,,
2011-07-01,0.0057395235,64.75106,-0.001,62.65052,0.3599440759031231
2011-08-01,0.0039497491,,,,
2011-09-01,0.0021493888,,,,
2011-10-01,0.0009856249,65.97861,0.046,64.75106,0.06101363005486997
2011-11-01,0.0013706953,,,,
2011-12-01,0.0014446830999999998,,,,
2012-01-01,0.0014610050999999998,67.68639,0.034,65.97861,0.09322542137418859
2012-02-01,0.00021851030000000001,,,,
2012-03-01,0.0016923690999999998,,,,
2012-04-01,0.0019464572999999998,68.16893,0.018000000000000002,67.68639,0.129419123699555
2012-05-01,-0.0008722198000000001,,,,
2012-06-01,-0.0004815105,,,,
2012-07-01,-0.0005482603,69.08525,0.006,68.16893,-0.037151409555148104
2012-08-01,-0.0006008478,,,,
2012-09-01,-0.0016925714,,,,
2012-10-01,-0.0009317224,70.5619,0.005,69.08525,-0.06404803476079603
2012-11-01,-5.7370499999999996e-05,,,,
2012-12-01,-0.0017237745,,,,
2013-01-01,0.0008440142000000001,71.61412,0.04,70.5619,0.05726465921055769
2013-02-01,0.0017210017999999998,,,,
2013-03-01,0.0005034072,,,,
2013-04-01,-0.00024211880000000002,71.17458,0.011000000000000001,71.61412,-0.0171504696315094
2013-05-01,-0.0001939123,,,,
2013-06-01,0.0022769375,,,,
2013-07-01,0.0054638104,70.66823,0.035,71.17458,0.37573372987404063
2013-08-01,0.0047506869,,,,
2013-09-01,0.005408345100000001,,,,
2013-10-01,0.0049296942,71.86587,0.035,70.66823,0.3365920420823826
2013-11-01,0.0048963774,,,,
2013-12-01,0.0041829993,,,,
2014-01-01,0.0068063671,73.51665,-0.013999999999999999,71.86587,0.49609076387512885
2014-02-01,0.005086773100000001,,,,
2014-03-01,0.0058045318,,,,
2014-04-01,0.0070222209999999995,71.76422,0.053,73.51665,0.4902660621839031
2014-05-01,0.0062685415,,,,
2014-06-01,0.0062452944,,,,
2014-07-01,0.0059099495,71.80771,0.05,71.76422,0.4039265867684666
2014-08-01,0.006494057,,,,
2014-09-01,0.0058085993,,,,
2014-10-01,0.007009647,72.70969,0.02,71.80771,0.49347715586114704
2014-11-01,0.0071330026000000005,,,,
2014-12-01,0.0038472537,,,,
2015-01-01,0.007099428,72.46747,0.036000000000000004,72.70969,0.49825985430243236
2015-02-01,0.0053838038,,,,
2015-03-01,0.0075170542,,,,
2015-04-01,0.0041032252,71.5273,0.025,72.46747,0.29009790154560394
2015-05-01,0.005339214399999999,,,,
2015-06-01,0.005537778,,,,
2015-07-01,0.006670749,71.31846,0.016,71.5273,0.46962663872805116
2015-08-01,0.0054830556,,,,
2015-09-01,0.0051245991,,,,
2015-10-01,0.0052877171,74.31389,0.006999999999999999,71.31846,0.3744904076342265
2015-11-01,0.006662057,,,,
2015-12-01,0.0064742223,,,,
2016-01-01,0.0073450597,75.19061,0.023,74.31389,0.5335678969591721
2016-02-01,0.005387380000000001,,,,
2016-03-01,0.0055140742,,,,
2016-04-01,0.0034527268,74.48445,0.013000000000000001,75.19061,0.25628098149590134
2016-05-01,0.0041364983,,,,
2016-06-01,0.0051909852000000005,,,,
2016-07-01,0.0016534694,75.04378,0.028999999999999998,74.48445,0.11968684047699708
2016-08-01,0.0022683746,,,,
2016-09-01,0.002160743,,,,
2016-10-01,0.0028979681000000004,75.64063,0.022000000000000002,75.04378,0.21279303379982192
2016-11-01,0.0034660933,,,,
2016-12-01,0.0070045658,,,,
2017-01-01,0.0072565107,74.55599,0.02,75.64063,0.5381245499507264
2017-02-01,0.0077438158000000005,,,,
2017-03-01,0.0091650302,,,,
2017-04-01,0.0076575378,73.92953,0.023,74.55599,0.5580794835204517
2017-05-01,0.007764088,,,,
2017-06-01,0.0073611135000000005,,,,
2017-07-01,0.007250161200000001,74.55506,0.032,73.92953,0.5193808235855001
2017-08-01,0.0067086016,,,,
2017-09-01,0.0056521264000000005,,,,
2017-10-01,0.0072914351,73.97834,0.046,74.55506,0.5197068655512486
2017-11-01,0.007521904499999999,,,,
2017-12-01,0.0057304923,,,,
2018-01-01,0.0087378801,75.93645,0.033,73.97834,0.6257636640048732
2018-02-01,0.0108846929,,,,
2018-03-01,0.0102953583,,,,
2018-04-01,0.0101435433,75.23257,0.021,75.93645,0.7544218106006709
2018-05-01,0.012160918,,,,
2018-06-01,0.012457281399999999,,,,
2018-07-01,0.0115523371,75.86428,0.025,75.23257,0.8479141556481434
2018-08-01,0.012552416200000001,,,,
2018-09-01,0.011321468999999999,,,,
2018-10-01,0.013001268100000001,77.06685,0.006,75.86428,0.9804491486018568
2018-11-01,0.0130865835,,,,
2018-12-01,0.0125496666,,,,
2019-01-01,0.0104043434,76.84804,0.025,77.06685,0.7822731435671123
2019-02-01,0.010681828499999999,,,,
2019-03-01,0.0051720765,,,,
2019-04-01,0.0042030374999999995,75.73028,0.034,76.84804,0.31237446220647963
2019-05-01,0.005404288,,,,
2019-06-01,0.0042130162,,,,
2019-07-01,0.004405718800000001,77.47776,0.048,75.73028,0.3183648075622748
2019-08-01,0.0042005179,,,,
2019-09-01,0.0023500552,,,,
2019-10-01,0.0036832453,78.36239,0.027999999999999997,77.47776,0.27759688266004673
2019-11-01,0.0043361185000000005,,,,
2019-12-01,0.0051426493,,,,
2020-01-01,0.0050509631,79.20826,-0.052000000000000005,78.36239,0.41751639274030483
2020-02-01,0.0031598578999999997,,,,
2020-03-01,-0.0012783744999999998,,,,
2020-04-01,-0.0011159442,102.95659,-0.28,79.20826,-0.12276666435985001
2020-05-01,-0.0002785652,,,,
2020-06-01,-0.0015369936000000002,,,,
2020-07-01,-0.003453445,96.92777,0.349,102.95659,-0.2635692520033729
2020-08-01,-0.00407134,,,,
2020-09-01,-0.0034333693,,,,
2020-10-01,-0.0029173845,98.02716,0.046,96.92777,-0.2703399367280736
2020-11-01,-0.0021395564,,,,
2020-12-01,-0.0023232146,,,,
2021-01-01,-0.0023501721000000002,97.02906,0.057,98.02716,-0.21795713952150994
2021-02-01,-0.0023082379999999998,,,,
2021-03-01,0.0001250687,,,,
2021-04-01,0.0011804694,95.42226,0.07,97.02906,0.10704657592594767
2021-05-01,0.0003694758,,,,
2021-06-01,-5.66485e-05,,,,
2021-07-01,0.0003504108,93.00945,0.033,95.42226,0.032368819423434655
2021-08-01,-0.0026101879,,,,
2021-09-01,-0.0019473087,,,,
2021-10-01,0.0008790114,93.36948,0.07,93.00945,0.0764078194932056
2021-11-01,0.0016399788,,,,
2021-12-01,0.0009168917,,,,
2022-01-01,0.0031949509999999997,94.66515,-0.01,93.36948,0.3013241550459394
2022-02-01,0.0044159289,,,,
2022-03-01,0.0034708992,,,,
2022-04-01,0.0094940027,92.54557,0.006,94.66515,0.8933908446281362
2022-05-01,0.0120389776,,,,
2022-06-01,0.0102509351,,,,
2022-07-01,0.0106217493,92.3448,0.028999999999999998,92.54557,0.9552923647867844
2022-08-01,0.008556253,,,,
2022-09-01,0.0120424868,,,,
2022-10-01,0.017973320299999998,91.66518,0.027999999999999997,92.3448,1.6145356696881712
2022-11-01,0.019307130500000002,,,,
2022-12-01,0.0157612515,,,,
2023-01-01,0.0178309897,90.80843,0.028999999999999998,91.66518,1.5884167934194815
2023-02-01,0.014202021700000001,,,,
2023-03-01,0.020596363599999997,,,,
2023-04-01,0.014439138600000002,92.56093,0.025,90.80843,1.2792151286033153
2023-05-01,0.0153690406,,,,
2023-06-01,0.0106063107,,,,
2023-07-01,0.014260473000000001,93.85447,0.047,92.56093,1.2607093057496563
2023-08-01,0.0160209539,,,,
2023-09-01,0.0169970754,,,,
2023-10-01,0.0208246076,94.84781,0.034,93.85447,1.890215192704035
2023-11-01,0.0209432864,,,,
2023-12-01,0.0168089907,,,,
2024-01-01,0.0168087145,95.908,0.008,94.84781,1.5816168246431002
2024-02-01,0.016168230999999998,,,,
2024-03-01,0.0192596928,,,,
2024-04-01,0.0193819396,94.8093,0.036000000000000004,95.908,1.7942886710007722
2024-05-01,0.0210339878,,,,
2024-06-01,0.0199956671,,,,
2024-07-01,0.0204839593,95.98142,0.033,94.8093,1.880028889120513
2024-08-01,0.0166418984,,,,
2024-09-01,0.0158158069,,,,
2024-10-01,0.014801483399999999,96.76094,0.019,95.98142,1.3941780125990462
2024-11-01,0.0195841688,,,,
2024-12-01,0.0182436879,,,,
2025-01-01,0.0205553249,96.30805,-0.006,96.76094,2.0009583091845133
2025-02-01,0.0202768935,,,,
2025-03-01,0.018591746899999997,,,,
2025-04-01,0.0167048701,95.04833,0.038,96.30805,1.5499166327883476
2025-05-01,0.0166614308,,,,
2025-06-01,0.0186923994,,,,
2025-07-01,0.0165988735,,,95.04833,
2025-08-01,0.0156632926,,,,
2025-09-01,0.015503721699999999,,,,
2025-10-01,0.015691068699999998,,,,
